-- phpMyAdmin SQL Dump
-- version 4.2.11
-- http://www.phpmyadmin.net
--
-- Host: 127.0.0.1
-- Generation Time: 16-02-2015 a les 00:15:29
-- Versió del servidor: 5.6.21
-- PHP Version: 5.6.3

SET SQL_MODE = "NO_AUTO_VALUE_ON_ZERO";
SET time_zone = "+00:00";


/*!40101 SET @OLD_CHARACTER_SET_CLIENT=@@CHARACTER_SET_CLIENT */;
/*!40101 SET @OLD_CHARACTER_SET_RESULTS=@@CHARACTER_SET_RESULTS */;
/*!40101 SET @OLD_COLLATION_CONNECTION=@@COLLATION_CONNECTION */;
/*!40101 SET NAMES utf8 */;

--
-- Database: `examenm7uf3`
--

-- --------------------------------------------------------

--
-- Estructura de la taula `entrades`
--

CREATE TABLE IF NOT EXISTS `entrades` (
  `Codi_Espectacle` int(11) NOT NULL,
  `Data` varchar(50) NOT NULL,
  `Hora` varchar(50) NOT NULL,
  `Codi_Recinte` int(11) NOT NULL,
  `Zona` varchar(20) NOT NULL,
  `Fila` int(11) NOT NULL,
  `Numero` int(11) NOT NULL,
  `DNI_Client` int(11) DEFAULT NULL
) ENGINE=InnoDB DEFAULT CHARSET=utf8;

--
-- Bolcant dades de la taula `entrades`
--

INSERT INTO `entrades` (`Codi_Espectacle`, `Data`, `Hora`, `Codi_Recinte`, `Zona`, `Fila`, `Numero`, `DNI_Client`) VALUES
(1000, '01/27/2012 12:00:00 AM', '12/30/1899 06:00:00 PM', 103, 'Platea', 1, 3, 11111111),
(1000, '01/27/2012 12:00:00 AM', '12/30/1899 06:00:00 PM', 103, 'Platea', 1, 4, 11111111),
(1000, '02/23/2012 12:00:00 AM', '12/30/1899 11:00:00 PM', 103, 'Platea', 2, 3, 11111111),
(1000, '02/23/2012 12:00:00 AM', '12/30/1899 11:00:00 PM', 103, 'Platea', 2, 4, 11111111),
(1000, '03/01/2012 12:00:00 AM', '12/30/1899 10:00:00 PM', 103, 'Platea', 2, 5, 11111111),
(1000, '03/01/2012 12:00:00 AM', '12/30/1899 10:00:00 PM', 103, 'Platea', 2, 6, 11111111),
(1000, '03/17/2012 12:00:00 AM', '12/30/1899 06:00:00 PM', 103, 'Platea', 1, 5, 11111111),
(1000, '03/17/2012 12:00:00 AM', '12/30/1899 06:00:00 PM', 103, 'Platea', 1, 6, 11111111),
(1002, '01/01/2012 12:00:00 AM', '12/30/1899 06:00:00 PM', 104, 'Pis', 1, 5, 11111111),
(1002, '01/01/2012 12:00:00 AM', '12/30/1899 06:00:00 PM', 104, 'Pis', 1, 7, 11111111),
(1002, '01/01/2012 12:00:00 AM', '12/30/1899 06:00:00 PM', 104, 'Pis', 1, 8, 11111111),
(1006, '10/06/2011 12:00:00 AM', '12/30/1899 05:30:00 PM', 104, 'Pis', 1, 5, 11111111),
(1006, '10/06/2011 12:00:00 AM', '12/30/1899 05:30:00 PM', 104, 'Pis', 1, 6, 11111111),
(1006, '10/06/2011 12:00:00 AM', '12/30/1899 05:30:00 PM', 104, 'Pis', 1, 7, 11111111),
(1009, '11/07/2011 12:00:00 AM', '12/30/1899 09:00:00 PM', 105, 'Platea', 2, 5, 11111111),
(1009, '11/07/2011 12:00:00 AM', '12/30/1899 09:00:00 PM', 105, 'Platea', 2, 6, 11111111),
(1009, '11/07/2011 12:00:00 AM', '12/30/1899 09:00:00 PM', 105, 'Platea', 2, 7, 11111111),
(1009, '11/07/2011 12:00:00 AM', '12/30/1899 09:00:00 PM', 105, 'Platea', 2, 8, 11111111),
(1009, '11/07/2011 12:00:00 AM', '12/30/1899 09:00:00 PM', 105, 'Platea', 2, 9, 11111111),
(1009, '11/07/2011 12:00:00 AM', '12/30/1899 09:00:00 PM', 105, 'Platea', 2, 10, 11111111),
(1009, '11/20/2011 12:00:00 AM', '12/30/1899 09:00:00 PM', 105, 'Platea', 1, 6, 11111111),
(1009, '11/20/2011 12:00:00 AM', '12/30/1899 09:00:00 PM', 105, 'Platea', 1, 7, 11111111),
(1014, '05/26/2012 12:00:00 AM', '12/30/1899 10:00:00 AM', 108, 'Platea', 1, 3, 11111111),
(1014, '05/26/2012 12:00:00 AM', '12/30/1899 10:00:00 AM', 108, 'Platea', 1, 4, 11111111),
(1014, '05/26/2012 12:00:00 AM', '12/30/1899 10:00:00 AM', 108, 'Platea', 1, 5, 11111111),
(1014, '05/26/2012 12:00:00 AM', '12/30/1899 10:00:00 AM', 108, 'Platea', 1, 6, 11111111),
(1015, '02/23/2012 12:00:00 AM', '12/30/1899 09:00:00 PM', 101, 'Platea', 2, 5, 11111111),
(1015, '02/23/2012 12:00:00 AM', '12/30/1899 09:00:00 PM', 101, 'Platea', 2, 6, 11111111),
(1015, '02/23/2012 12:00:00 AM', '12/30/1899 09:00:00 PM', 101, 'Platea', 2, 7, 11111111),
(1015, '03/02/2012 12:00:00 AM', '12/30/1899 09:00:00 PM', 101, 'Platea', 1, 1, 11111111),
(1015, '03/02/2012 12:00:00 AM', '12/30/1899 09:00:00 PM', 101, 'Platea', 1, 2, 11111111),
(1015, '03/02/2012 12:00:00 AM', '12/30/1899 09:00:00 PM', 101, 'Platea', 1, 3, 11111111),
(1015, '03/02/2012 12:00:00 AM', '12/30/1899 09:00:00 PM', 101, 'Platea', 1, 4, 11111111),
(1015, '03/02/2012 12:00:00 AM', '12/30/1899 09:00:00 PM', 101, 'Platea', 1, 5, 11111111),
(1015, '03/02/2012 12:00:00 AM', '12/30/1899 09:00:00 PM', 101, 'Platea', 1, 6, 11111111),
(1015, '03/02/2012 12:00:00 AM', '12/30/1899 09:00:00 PM', 101, 'Platea', 1, 7, 11111111),
(1015, '03/02/2012 12:00:00 AM', '12/30/1899 09:00:00 PM', 101, 'Platea', 1, 8, 11111111),
(1015, '03/02/2012 12:00:00 AM', '12/30/1899 09:00:00 PM', 101, 'Platea', 1, 9, 11111111),
(1015, '03/02/2012 12:00:00 AM', '12/30/1899 09:00:00 PM', 101, 'Platea', 1, 10, 11111111),
(1000, '03/01/2012 12:00:00 AM', '12/30/1899 10:00:00 PM', 103, 'Platea', 1, 4, 22222222),
(1000, '03/01/2012 12:00:00 AM', '12/30/1899 10:00:00 PM', 103, 'Platea', 1, 5, 22222222),
(1001, '03/03/2012 12:00:00 AM', '12/30/1899 06:00:00 PM', 105, 'Platea', 2, 6, 22222222),
(1001, '03/03/2012 12:00:00 AM', '12/30/1899 06:00:00 PM', 105, 'Platea', 2, 7, 22222222),
(1001, '03/03/2012 12:00:00 AM', '12/30/1899 06:00:00 PM', 105, 'Platea', 2, 8, 22222222),
(1002, '01/05/2012 12:00:00 AM', '12/30/1899 06:00:00 PM', 104, 'Platea', 1, 7, 22222222),
(1002, '01/05/2012 12:00:00 AM', '12/30/1899 06:00:00 PM', 104, 'Platea', 1, 8, 22222222),
(1002, '01/05/2012 12:00:00 AM', '12/30/1899 06:00:00 PM', 104, 'Platea', 1, 9, 22222222),
(1006, '10/13/2011 12:00:00 AM', '12/30/1899 05:30:00 PM', 104, 'Platea', 2, 4, 22222222),
(1006, '10/13/2011 12:00:00 AM', '12/30/1899 05:30:00 PM', 104, 'Platea', 2, 5, 22222222),
(1010, '04/06/2012 12:00:00 AM', '12/30/1899 10:00:00 PM', 100, 'Platea', 3, 4, 22222222),
(1010, '04/06/2012 12:00:00 AM', '12/30/1899 10:00:00 PM', 100, 'Platea', 3, 5, 22222222),
(1010, '04/06/2012 12:00:00 AM', '12/30/1899 10:00:00 PM', 100, 'Platea', 3, 6, 22222222),
(1012, '06/08/2012 12:00:00 AM', '12/30/1899 10:00:00 PM', 102, 'Platea', 1, 5, 22222222),
(1014, '05/26/2012 12:00:00 AM', '12/30/1899 10:00:00 AM', 108, 'Pis', 1, 2, 22222222),
(1014, '05/26/2012 12:00:00 AM', '12/30/1899 10:00:00 AM', 108, 'Pis', 1, 3, 22222222),
(1014, '05/26/2012 12:00:00 AM', '12/30/1899 10:00:00 AM', 108, 'Pis', 1, 4, 22222222),
(1015, '03/02/2012 12:00:00 AM', '12/30/1899 09:00:00 PM', 101, 'Platea', 2, 1, 22222222),
(1015, '03/02/2012 12:00:00 AM', '12/30/1899 09:00:00 PM', 101, 'Platea', 2, 2, 22222222),
(1015, '03/02/2012 12:00:00 AM', '12/30/1899 09:00:00 PM', 101, 'Platea', 2, 3, 22222222),
(1015, '03/02/2012 12:00:00 AM', '12/30/1899 09:00:00 PM', 101, 'Platea', 2, 4, 22222222),
(1015, '03/02/2012 12:00:00 AM', '12/30/1899 09:00:00 PM', 101, 'Platea', 2, 5, 22222222),
(1015, '03/02/2012 12:00:00 AM', '12/30/1899 09:00:00 PM', 101, 'Platea', 2, 6, 22222222),
(1015, '03/02/2012 12:00:00 AM', '12/30/1899 09:00:00 PM', 101, 'Platea', 2, 7, 22222222),
(1015, '03/02/2012 12:00:00 AM', '12/30/1899 09:00:00 PM', 101, 'Platea', 2, 8, 22222222),
(1015, '03/02/2012 12:00:00 AM', '12/30/1899 09:00:00 PM', 101, 'Platea', 2, 9, 22222222),
(1015, '03/02/2012 12:00:00 AM', '12/30/1899 09:00:00 PM', 101, 'Platea', 2, 10, 22222222),
(1016, '04/05/2012 12:00:00 AM', '12/30/1899 05:30:00 PM', 108, 'Platea', 1, 4, 22222222),
(1016, '04/05/2012 12:00:00 AM', '12/30/1899 05:30:00 PM', 108, 'Platea', 1, 5, 22222222),
(1016, '04/05/2012 12:00:00 AM', '12/30/1899 05:30:00 PM', 108, 'Platea', 1, 6, 22222222),
(1017, '01/12/2012 12:00:00 AM', '12/30/1899 09:00:00 PM', 109, 'Platea', 1, 3, 22222222),
(1017, '01/12/2012 12:00:00 AM', '12/30/1899 09:00:00 PM', 109, 'Platea', 1, 4, 22222222),
(1018, '03/29/2012 12:00:00 AM', '12/30/1899 06:00:00 PM', 106, 'Platea', 1, 5, 22222222),
(1018, '03/29/2012 12:00:00 AM', '12/30/1899 06:00:00 PM', 106, 'Platea', 1, 6, 22222222),
(1019, '06/15/2012 12:00:00 AM', '12/30/1899 10:00:00 PM', 103, 'Platea', 2, 4, 22222222),
(1019, '06/15/2012 12:00:00 AM', '12/30/1899 10:00:00 PM', 103, 'Platea', 2, 5, 22222222),
(1019, '06/15/2012 12:00:00 AM', '12/30/1899 10:00:00 PM', 103, 'Platea', 2, 6, 22222222),
(1021, '11/11/2011 12:00:00 AM', '12/30/1899 10:00:00 PM', 106, 'Platea', 2, 5, 22222222),
(1021, '11/11/2011 12:00:00 AM', '12/30/1899 10:00:00 PM', 106, 'Platea', 2, 6, 22222222),
(1023, '03/28/2012 12:00:00 AM', '12/30/1899 09:00:00 PM', 101, 'Platea', 2, 5, 22222222),
(1023, '03/28/2012 12:00:00 AM', '12/30/1899 09:00:00 PM', 101, 'Platea', 2, 6, 22222222),
(1000, '02/10/2012 12:00:00 AM', '12/30/1899 06:00:00 PM', 103, 'Platea', 1, 5, 33333333),
(1000, '02/10/2012 12:00:00 AM', '12/30/1899 06:00:00 PM', 103, 'Platea', 1, 6, 33333333),
(1001, '02/23/2012 12:00:00 AM', '12/30/1899 09:00:00 PM', 105, 'Platea', 2, 1, 33333333),
(1001, '02/23/2012 12:00:00 AM', '12/30/1899 09:00:00 PM', 105, 'Platea', 2, 2, 33333333),
(1002, '01/12/2012 12:00:00 AM', '12/30/1899 06:00:00 PM', 104, 'Platea', 1, 6, 33333333),
(1002, '01/12/2012 12:00:00 AM', '12/30/1899 06:00:00 PM', 104, 'Platea', 1, 7, 33333333),
(1002, '01/12/2012 12:00:00 AM', '12/30/1899 06:00:00 PM', 104, 'Platea', 1, 8, 33333333),
(1006, '10/20/2011 12:00:00 AM', '12/30/1899 05:30:00 PM', 104, 'Platea', 2, 1, 33333333),
(1006, '10/20/2011 12:00:00 AM', '12/30/1899 05:30:00 PM', 104, 'Platea', 2, 2, 33333333),
(1006, '10/20/2011 12:00:00 AM', '12/30/1899 05:30:00 PM', 104, 'Platea', 2, 3, 33333333),
(1006, '10/20/2011 12:00:00 AM', '12/30/1899 05:30:00 PM', 104, 'Platea', 2, 4, 33333333),
(1006, '10/20/2011 12:00:00 AM', '12/30/1899 05:30:00 PM', 104, 'Platea', 2, 5, 33333333),
(1006, '10/20/2011 12:00:00 AM', '12/30/1899 05:30:00 PM', 104, 'Platea', 2, 6, 33333333),
(1006, '10/20/2011 12:00:00 AM', '12/30/1899 05:30:00 PM', 104, 'Platea', 2, 7, 33333333),
(1006, '10/20/2011 12:00:00 AM', '12/30/1899 05:30:00 PM', 104, 'Platea', 2, 8, 33333333),
(1006, '10/20/2011 12:00:00 AM', '12/30/1899 05:30:00 PM', 104, 'Platea', 2, 9, 33333333),
(1006, '10/20/2011 12:00:00 AM', '12/30/1899 05:30:00 PM', 104, 'Platea', 2, 10, 33333333),
(1008, '12/07/2011 12:00:00 AM', '12/30/1899 10:00:00 PM', 104, 'Platea', 2, 6, 33333333),
(1008, '12/07/2011 12:00:00 AM', '12/30/1899 10:00:00 PM', 104, 'Platea', 2, 7, 33333333),
(1008, '12/07/2011 12:00:00 AM', '12/30/1899 10:00:00 PM', 104, 'Platea', 2, 8, 33333333),
(1009, '11/13/2011 12:00:00 AM', '12/30/1899 09:00:00 PM', 105, 'Platea', 1, 7, 33333333),
(1009, '11/13/2011 12:00:00 AM', '12/30/1899 09:00:00 PM', 105, 'Platea', 1, 8, 33333333),
(1009, '11/20/2011 12:00:00 AM', '12/30/1899 09:00:00 PM', 105, 'Platea', 2, 2, 33333333),
(1009, '11/20/2011 12:00:00 AM', '12/30/1899 09:00:00 PM', 105, 'Platea', 2, 3, 33333333),
(1009, '11/20/2011 12:00:00 AM', '12/30/1899 09:00:00 PM', 105, 'Platea', 2, 4, 33333333),
(1019, '06/15/2012 12:00:00 AM', '12/30/1899 10:00:00 PM', 103, 'Platea', 2, 7, 33333333),
(1019, '06/15/2012 12:00:00 AM', '12/30/1899 10:00:00 PM', 103, 'Platea', 2, 8, 33333333),
(1022, '09/29/2011 12:00:00 AM', '12/30/1899 09:00:00 PM', 111, 'Platea', 2, 6, 33333333),
(1009, '11/13/2011 12:00:00 AM', '12/30/1899 09:00:00 PM', 105, 'Platea', 1, 9, 44444444),
(1009, '11/13/2011 12:00:00 AM', '12/30/1899 09:00:00 PM', 105, 'Platea', 1, 10, 44444444),
(1009, '11/13/2011 12:00:00 AM', '12/30/1899 09:00:00 PM', 105, 'Platea', 2, 10, 44444444),
(1010, '03/31/2012 12:00:00 AM', '12/30/1899 05:00:00 PM', 100, 'Platea', 2, 5, 44444444),
(1010, '03/31/2012 12:00:00 AM', '12/30/1899 05:00:00 PM', 100, 'Platea', 2, 6, 44444444),
(1012, '06/09/2012 12:00:00 AM', '12/30/1899 11:00:00 AM', 102, 'Platea', 2, 5, 44444444),
(1012, '06/09/2012 12:00:00 AM', '12/30/1899 11:00:00 AM', 102, 'Platea', 2, 6, 44444444),
(1014, '05/26/2012 12:00:00 AM', '12/30/1899 05:00:00 PM', 108, 'Pis', 1, 2, 44444444),
(1015, '02/23/2012 12:00:00 AM', '12/30/1899 09:00:00 PM', 101, 'Pis', 1, 4, 44444444),
(1015, '02/23/2012 12:00:00 AM', '12/30/1899 09:00:00 PM', 101, 'Pis', 1, 5, 44444444),
(1015, '02/23/2012 12:00:00 AM', '12/30/1899 09:00:00 PM', 101, 'Pis', 1, 6, 44444444),
(1019, '06/22/2012 12:00:00 AM', '12/30/1899 10:00:00 PM', 103, 'Platea', 2, 4, 44444444),
(1019, '06/22/2012 12:00:00 AM', '12/30/1899 10:00:00 PM', 103, 'Platea', 2, 5, 44444444),
(1019, '06/22/2012 12:00:00 AM', '12/30/1899 10:00:00 PM', 103, 'Platea', 2, 6, 44444444),
(1024, '11/08/2011 12:00:00 AM', '12/30/1899 06:00:00 PM', 104, 'Platea', 1, 5, 44444444),
(1002, '12/26/2011 12:00:00 AM', '12/30/1899 05:30:00 PM', 104, 'Platea', 1, 5, 55555555),
(1002, '12/26/2011 12:00:00 AM', '12/30/1899 05:30:00 PM', 104, 'Platea', 1, 6, 55555555),
(1002, '12/26/2011 12:00:00 AM', '12/30/1899 05:30:00 PM', 104, 'Platea', 1, 7, 55555555),
(1002, '12/26/2011 12:00:00 AM', '12/30/1899 05:30:00 PM', 104, 'Platea', 1, 8, 55555555),
(1005, '10/01/2011 12:00:00 AM', '12/30/1899 10:30:00 PM', 111, 'Platea', 2, 4, 55555555),
(1005, '10/01/2011 12:00:00 AM', '12/30/1899 10:30:00 PM', 111, 'Platea', 2, 5, 55555555),
(1005, '10/01/2011 12:00:00 AM', '12/30/1899 10:30:00 PM', 111, 'Platea', 2, 6, 55555555),
(1005, '10/01/2011 12:00:00 AM', '12/30/1899 10:30:00 PM', 111, 'Platea', 2, 7, 55555555),
(1005, '10/08/2011 12:00:00 AM', '12/30/1899 10:30:00 PM', 111, 'Platea', 2, 4, 55555555),
(1005, '10/08/2011 12:00:00 AM', '12/30/1899 10:30:00 PM', 111, 'Platea', 2, 5, 55555555),
(1005, '10/08/2011 12:00:00 AM', '12/30/1899 10:30:00 PM', 111, 'Platea', 2, 6, 55555555),
(1005, '10/08/2011 12:00:00 AM', '12/30/1899 10:30:00 PM', 111, 'Platea', 2, 7, 55555555),
(1006, '10/13/2011 12:00:00 AM', '12/30/1899 05:30:00 PM', 104, 'Pis', 1, 5, 55555555),
(1010, '03/31/2012 12:00:00 AM', '12/30/1899 05:00:00 PM', 100, 'Lateral D', 1, 1, 55555555),
(1010, '03/31/2012 12:00:00 AM', '12/30/1899 05:00:00 PM', 100, 'Lateral D', 1, 2, 55555555),
(1010, '04/06/2012 12:00:00 AM', '12/30/1899 10:00:00 PM', 100, 'Lateral D', 1, 3, 55555555),
(1010, '04/06/2012 12:00:00 AM', '12/30/1899 10:00:00 PM', 100, 'Lateral D', 1, 4, 55555555),
(1014, '05/26/2012 12:00:00 AM', '12/30/1899 05:00:00 PM', 108, 'Platea', 1, 5, 55555555),
(1014, '05/26/2012 12:00:00 AM', '12/30/1899 05:00:00 PM', 108, 'Platea', 1, 6, 55555555),
(1014, '05/26/2012 12:00:00 AM', '12/30/1899 05:00:00 PM', 108, 'Platea', 1, 7, 55555555),
(1015, '03/02/2012 12:00:00 AM', '12/30/1899 09:00:00 PM', 101, 'Pis', 1, 1, 55555555),
(1015, '03/02/2012 12:00:00 AM', '12/30/1899 09:00:00 PM', 101, 'Pis', 1, 2, 55555555),
(1015, '03/02/2012 12:00:00 AM', '12/30/1899 09:00:00 PM', 101, 'Pis', 1, 3, 55555555),
(1015, '03/02/2012 12:00:00 AM', '12/30/1899 09:00:00 PM', 101, 'Pis', 1, 4, 55555555),
(1015, '03/02/2012 12:00:00 AM', '12/30/1899 09:00:00 PM', 101, 'Pis', 1, 5, 55555555),
(1015, '03/02/2012 12:00:00 AM', '12/30/1899 09:00:00 PM', 101, 'Pis', 1, 6, 55555555),
(1015, '03/02/2012 12:00:00 AM', '12/30/1899 09:00:00 PM', 101, 'Pis', 1, 7, 55555555),
(1015, '03/02/2012 12:00:00 AM', '12/30/1899 09:00:00 PM', 101, 'Pis', 1, 8, 55555555),
(1015, '03/02/2012 12:00:00 AM', '12/30/1899 09:00:00 PM', 101, 'Pis', 1, 9, 55555555),
(1015, '03/02/2012 12:00:00 AM', '12/30/1899 09:00:00 PM', 101, 'Pis', 1, 10, 55555555),
(1016, '04/05/2012 12:00:00 AM', '12/30/1899 05:30:00 PM', 108, 'Pis', 1, 3, 55555555),
(1016, '04/05/2012 12:00:00 AM', '12/30/1899 05:30:00 PM', 108, 'Pis', 1, 4, 55555555),
(1016, '04/05/2012 12:00:00 AM', '12/30/1899 05:30:00 PM', 108, 'Pis', 1, 5, 55555555),
(1018, '04/12/2012 12:00:00 AM', '12/30/1899 06:00:00 PM', 106, 'Platea', 2, 5, 55555555),
(1018, '04/12/2012 12:00:00 AM', '12/30/1899 06:00:00 PM', 106, 'Platea', 2, 6, 55555555),
(1000, '02/02/2012 12:00:00 AM', '12/30/1899 11:00:00 PM', 103, 'Platea', 2, 5, 66666666),
(1000, '02/02/2012 12:00:00 AM', '12/30/1899 11:00:00 PM', 103, 'Platea', 2, 6, 66666666),
(1005, '10/08/2011 12:00:00 AM', '12/30/1899 10:30:00 PM', 111, 'Platea', 1, 4, 66666666),
(1005, '10/08/2011 12:00:00 AM', '12/30/1899 10:30:00 PM', 111, 'Platea', 1, 5, 66666666),
(1006, '10/05/2011 12:00:00 AM', '12/30/1899 06:00:00 PM', 104, 'Platea', 1, 5, 66666666),
(1006, '10/05/2011 12:00:00 AM', '12/30/1899 06:00:00 PM', 104, 'Platea', 1, 6, 66666666),
(1006, '10/05/2011 12:00:00 AM', '12/30/1899 06:00:00 PM', 104, 'Platea', 1, 7, 66666666),
(1006, '10/05/2011 12:00:00 AM', '12/30/1899 06:00:00 PM', 104, 'Platea', 1, 8, 66666666),
(1006, '10/05/2011 12:00:00 AM', '12/30/1899 06:00:00 PM', 104, 'Platea', 1, 9, 66666666),
(1010, '03/31/2012 12:00:00 AM', '12/30/1899 05:00:00 PM', 100, 'Lateral D', 1, 3, 66666666),
(1010, '03/31/2012 12:00:00 AM', '12/30/1899 05:00:00 PM', 100, 'Lateral D', 1, 4, 66666666),
(1002, '12/29/2011 12:00:00 AM', '12/30/1899 06:00:00 PM', 104, 'Platea', 1, 5, 77777777),
(1007, '11/01/2011 12:00:00 AM', '12/30/1899 05:30:00 PM', 106, 'Platea', 2, 5, 77777777),
(1007, '11/01/2011 12:00:00 AM', '12/30/1899 05:30:00 PM', 106, 'Platea', 2, 6, 77777777),
(1007, '11/03/2011 12:00:00 AM', '12/30/1899 06:00:00 PM', 106, 'Platea', 2, 5, 77777777),
(1007, '11/03/2011 12:00:00 AM', '12/30/1899 06:00:00 PM', 106, 'Platea', 2, 6, 77777777),
(1009, '11/07/2011 12:00:00 AM', '12/30/1899 09:00:00 PM', 105, 'Platea', 1, 1, 77777777),
(1009, '11/07/2011 12:00:00 AM', '12/30/1899 09:00:00 PM', 105, 'Platea', 1, 2, 77777777),
(1009, '11/07/2011 12:00:00 AM', '12/30/1899 09:00:00 PM', 105, 'Platea', 1, 3, 77777777),
(1009, '11/07/2011 12:00:00 AM', '12/30/1899 09:00:00 PM', 105, 'Platea', 1, 4, 77777777),
(1009, '11/07/2011 12:00:00 AM', '12/30/1899 09:00:00 PM', 105, 'Platea', 1, 5, 77777777),
(1009, '11/07/2011 12:00:00 AM', '12/30/1899 09:00:00 PM', 105, 'Platea', 1, 6, 77777777),
(1009, '11/07/2011 12:00:00 AM', '12/30/1899 09:00:00 PM', 105, 'Platea', 1, 7, 77777777),
(1009, '11/07/2011 12:00:00 AM', '12/30/1899 09:00:00 PM', 105, 'Platea', 1, 8, 77777777),
(1009, '11/07/2011 12:00:00 AM', '12/30/1899 09:00:00 PM', 105, 'Platea', 1, 9, 77777777),
(1009, '11/07/2011 12:00:00 AM', '12/30/1899 09:00:00 PM', 105, 'Platea', 1, 10, 77777777),
(1009, '11/20/2011 12:00:00 AM', '12/30/1899 09:00:00 PM', 105, 'Platea', 2, 5, 77777777),
(1015, '03/09/2012 12:00:00 AM', '12/30/1899 09:00:00 PM', 101, 'Pis', 1, 5, 77777777),
(1015, '03/09/2012 12:00:00 AM', '12/30/1899 09:00:00 PM', 101, 'Pis', 1, 6, 77777777),
(1018, '04/12/2012 12:00:00 AM', '12/30/1899 06:00:00 PM', 106, 'Platea', 1, 2, 77777777),
(1018, '04/12/2012 12:00:00 AM', '12/30/1899 06:00:00 PM', 106, 'Platea', 1, 3, 77777777),
(1018, '04/12/2012 12:00:00 AM', '12/30/1899 06:00:00 PM', 106, 'Platea', 1, 4, 77777777),
(1018, '04/12/2012 12:00:00 AM', '12/30/1899 06:00:00 PM', 106, 'Platea', 1, 5, 77777777),
(1021, '11/18/2011 12:00:00 AM', '12/30/1899 10:00:00 PM', 106, 'Platea', 2, 5, 77777777),
(1023, '03/28/2012 12:00:00 AM', '12/30/1899 09:00:00 PM', 101, 'Pis', 1, 7, 77777777),
(1000, '02/01/2012 12:00:00 AM', '12/30/1899 10:00:00 PM', 103, 'Platea', 1, 1, 88888888),
(1000, '02/01/2012 12:00:00 AM', '12/30/1899 10:00:00 PM', 103, 'Platea', 1, 2, 88888888),
(1000, '02/01/2012 12:00:00 AM', '12/30/1899 10:00:00 PM', 103, 'Platea', 1, 3, 88888888),
(1000, '02/01/2012 12:00:00 AM', '12/30/1899 10:00:00 PM', 103, 'Platea', 1, 4, 88888888),
(1000, '02/01/2012 12:00:00 AM', '12/30/1899 10:00:00 PM', 103, 'Platea', 1, 5, 88888888),
(1000, '02/01/2012 12:00:00 AM', '12/30/1899 10:00:00 PM', 103, 'Platea', 1, 6, 88888888),
(1000, '02/01/2012 12:00:00 AM', '12/30/1899 10:00:00 PM', 103, 'Platea', 1, 7, 88888888),
(1000, '02/01/2012 12:00:00 AM', '12/30/1899 10:00:00 PM', 103, 'Platea', 1, 8, 88888888),
(1000, '02/01/2012 12:00:00 AM', '12/30/1899 10:00:00 PM', 103, 'Platea', 1, 9, 88888888),
(1000, '02/01/2012 12:00:00 AM', '12/30/1899 10:00:00 PM', 103, 'Platea', 1, 10, 88888888),
(1000, '02/01/2012 12:00:00 AM', '12/30/1899 10:00:00 PM', 103, 'Platea', 2, 1, 88888888),
(1000, '02/01/2012 12:00:00 AM', '12/30/1899 10:00:00 PM', 103, 'Platea', 2, 2, 88888888),
(1000, '02/01/2012 12:00:00 AM', '12/30/1899 10:00:00 PM', 103, 'Platea', 2, 3, 88888888),
(1000, '02/01/2012 12:00:00 AM', '12/30/1899 10:00:00 PM', 103, 'Platea', 2, 4, 88888888),
(1000, '02/01/2012 12:00:00 AM', '12/30/1899 10:00:00 PM', 103, 'Platea', 2, 5, 88888888),
(1000, '02/01/2012 12:00:00 AM', '12/30/1899 10:00:00 PM', 103, 'Platea', 2, 6, 88888888),
(1000, '02/01/2012 12:00:00 AM', '12/30/1899 10:00:00 PM', 103, 'Platea', 2, 7, 88888888),
(1000, '02/01/2012 12:00:00 AM', '12/30/1899 10:00:00 PM', 103, 'Platea', 2, 8, 88888888),
(1000, '02/01/2012 12:00:00 AM', '12/30/1899 10:00:00 PM', 103, 'Platea', 2, 9, 88888888),
(1000, '02/01/2012 12:00:00 AM', '12/30/1899 10:00:00 PM', 103, 'Platea', 2, 10, 88888888),
(1002, '12/29/2011 12:00:00 AM', '12/30/1899 06:00:00 PM', 104, 'Platea', 1, 7, 88888888),
(1002, '12/29/2011 12:00:00 AM', '12/30/1899 06:00:00 PM', 104, 'Platea', 1, 8, 88888888),
(1006, '10/05/2011 12:00:00 AM', '12/30/1899 06:00:00 PM', 104, 'Pis', 1, 5, 88888888),
(1006, '10/05/2011 12:00:00 AM', '12/30/1899 06:00:00 PM', 104, 'Pis', 1, 6, 88888888),
(1007, '11/10/2011 12:00:00 AM', '12/30/1899 06:00:00 PM', 106, 'Platea', 2, 5, 88888888),
(1007, '11/10/2011 12:00:00 AM', '12/30/1899 06:00:00 PM', 106, 'Platea', 2, 6, 88888888),
(1014, '05/26/2012 12:00:00 AM', '12/30/1899 05:00:00 PM', 108, 'Pis', 1, 5, 88888888),
(1002, '01/01/2012 12:00:00 AM', '12/30/1899 06:00:00 PM', 104, 'Platea', 1, 7, 99999999),
(1002, '01/01/2012 12:00:00 AM', '12/30/1899 06:00:00 PM', 104, 'Platea', 1, 8, 99999999),
(1007, '11/17/2011 12:00:00 AM', '12/30/1899 06:00:00 PM', 106, 'Platea', 2, 4, 99999999),
(1007, '11/17/2011 12:00:00 AM', '12/30/1899 06:00:00 PM', 106, 'Platea', 2, 5, 99999999),
(1007, '11/17/2011 12:00:00 AM', '12/30/1899 06:00:00 PM', 106, 'Platea', 2, 6, 99999999),
(1009, '11/07/2011 12:00:00 AM', '12/30/1899 09:00:00 PM', 105, 'Platea', 2, 1, 99999999),
(1009, '11/07/2011 12:00:00 AM', '12/30/1899 09:00:00 PM', 105, 'Platea', 2, 2, 99999999),
(1009, '11/07/2011 12:00:00 AM', '12/30/1899 09:00:00 PM', 105, 'Platea', 2, 3, 99999999),
(1009, '11/07/2011 12:00:00 AM', '12/30/1899 09:00:00 PM', 105, 'Platea', 2, 4, 99999999),
(1012, '06/09/2012 12:00:00 AM', '12/30/1899 06:00:00 PM', 102, 'Platea', 2, 6, 99999999),
(1018, '04/12/2012 12:00:00 AM', '12/30/1899 06:00:00 PM', 106, 'Platea', 2, 1, 99999999),
(1018, '04/12/2012 12:00:00 AM', '12/30/1899 06:00:00 PM', 106, 'Platea', 2, 2, 99999999),
(1018, '04/12/2012 12:00:00 AM', '12/30/1899 06:00:00 PM', 106, 'Platea', 2, 3, 99999999),
(1021, '11/18/2011 12:00:00 AM', '12/30/1899 10:00:00 PM', 106, 'Pis', 1, 4, 99999999),
(1021, '11/18/2011 12:00:00 AM', '12/30/1899 10:00:00 PM', 106, 'Pis', 1, 5, 99999999);

-- --------------------------------------------------------

--
-- Estructura de la taula `espectacles`
--

CREATE TABLE IF NOT EXISTS `espectacles` (
  `Codi` int(11) NOT NULL,
  `Nom` varchar(50) DEFAULT NULL,
  `Tipus` varchar(50) DEFAULT NULL,
  `Data_Inicial` varchar(50) DEFAULT NULL,
  `Data_Final` varchar(50) DEFAULT NULL,
  `Interpret` varchar(50) DEFAULT NULL,
  `Codi_Recinte` int(11) DEFAULT NULL
) ENGINE=InnoDB DEFAULT CHARSET=utf8;

--
-- Bolcant dades de la taula `espectacles`
--

INSERT INTO `espectacles` (`Codi`, `Nom`, `Tipus`, `Data_Inicial`, `Data_Final`, `Interpret`, `Codi_Recinte`) VALUES
(1000, 'Entre Tres', 'Teatre', '01/26/2012 12:00:00 AM', '03/24/2012 12:00:00 AM', 'El Tricicle', 103),
(1001, 'L''auca del senyor Esteve', 'Teatre', '02/23/2012 12:00:00 AM', '03/03/2012 12:00:00 AM', 'Pere Borràs', 105),
(1002, 'Els Pastorets', 'Teatre', '12/26/2011 12:00:00 AM', '01/12/2012 12:00:00 AM', 'La Joventut de la Faràndula', 104),
(1003, 'Concert de Nadal', 'Música', '12/25/2011 12:00:00 AM', '12/25/2011 12:00:00 AM', 'Orquestra Auditori', 110),
(1004, 'Concert d''any nou', 'Música', '01/01/2012 12:00:00 AM', '01/08/2012 12:00:00 AM', 'Orquestra Nacional d''Austria', 110),
(1005, 'Jazz a la tardor', 'Música', '10/01/2011 12:00:00 AM', '10/15/2011 12:00:00 AM', 'George Benson', 111),
(1006, 'La Ventafocs', 'Teatre', '10/06/2011 12:00:00 AM', '10/20/2011 12:00:00 AM', 'La Joventut de la Faràndula', 104),
(1007, 'El Màgic d''Oz', 'Teatre', '11/01/2011 12:00:00 AM', '11/17/2011 12:00:00 AM', 'La Joventut de la Faràndula', 106),
(1008, 'Els Habitants de la Casa deshabitada', 'Teatre', '12/07/2011 12:00:00 AM', '12/07/2011 12:00:00 AM', 'Sant Vicenç', 104),
(1009, 'West Side Story', 'Musical', '11/07/2011 12:00:00 AM', '11/27/2011 12:00:00 AM', 'T de Teatre', 105),
(1010, 'Hamlet', 'Opera', '03/30/2012 12:00:00 AM', '04/07/2012 12:00:00 AM', 'Pavarotti', 100),
(1011, 'Otelo', 'Opera', '10/06/2011 12:00:00 AM', '01/20/2012 12:00:00 AM', 'Placido Domingo', 100),
(1012, 'La extraña pareja', 'Teatre', '06/08/2012 12:00:00 AM', '06/30/2012 12:00:00 AM', 'Grup Tarraco', 102),
(1013, 'La Caputxeta', 'Teatre', '05/10/2012 12:00:00 AM', '05/17/2012 12:00:00 AM', 'La Joventut de la Faràndula', 108),
(1014, 'Pallassos sense fronteres', 'Teatre', '05/26/2012 12:00:00 AM', '05/26/2012 12:00:00 AM', 'Tortell Poltrona', 108),
(1015, 'Mar i Cel', 'Musical', '01/12/2012 12:00:00 AM', '03/23/2012 12:00:00 AM', 'Dagoll Dagom', 101),
(1016, 'El país de les Cent Paraules', 'Teatre', '04/05/2012 12:00:00 AM', '04/05/2012 12:00:00 AM', 'La Joventut de la Faràndula', 108),
(1017, 'Exit', 'Teatre', '01/12/2012 12:00:00 AM', '01/26/2012 12:00:00 AM', 'El Tricicle', 109),
(1018, 'Terrific', 'Teatre', '03/15/2012 12:00:00 AM', '04/12/2012 12:00:00 AM', 'El Tricicle', 106),
(1019, 'Cinco Horas con Mario', 'Teatre', '06/15/2012 12:00:00 AM', '06/22/2012 12:00:00 AM', 'Lola Herrera', 103),
(1020, 'Cianur i puntes de coixí', 'Teatre', '12/25/2011 12:00:00 AM', '12/31/2011 12:00:00 AM', 'Grup Tarraco', 105),
(1021, 'Sweeney Todd', 'Teatre', '11/11/2011 12:00:00 AM', '11/18/2011 12:00:00 AM', 'Constantino Romero', 106),
(1022, 'Veus búlgares', 'Música', '09/29/2011 12:00:00 AM', '01/25/2012 12:00:00 AM', 'Cor Nacional de Bulgària', 111),
(1023, 'El jorobado de Notre Dame', 'Musical', '03/28/2012 12:00:00 AM', '03/28/2012 12:00:00 AM', 'Dagoll Dagom', 101),
(1024, 'En Patufet', 'Teatre', '11/08/2011 12:00:00 AM', '11/15/2011 12:00:00 AM', 'La Joventut de la Faràndula', 104);

-- --------------------------------------------------------

--
-- Estructura de la taula `espectadors`
--

CREATE TABLE IF NOT EXISTS `espectadors` (
  `DNI` int(11) NOT NULL,
  `Nom` varchar(20) DEFAULT NULL,
  `Cognoms` varchar(30) DEFAULT NULL,
  `Adreça` varchar(50) DEFAULT NULL,
  `Telefon` int(11) DEFAULT NULL,
  `Ciutat` varchar(50) DEFAULT NULL,
  `Compte_Corrent` varchar(25) DEFAULT NULL,
  `Num_Targeta` int(11) DEFAULT NULL
) ENGINE=InnoDB DEFAULT CHARSET=utf8;

--
-- Bolcant dades de la taula `espectadors`
--

INSERT INTO `espectadors` (`DNI`, `Nom`, `Cognoms`, `Adreça`, `Telefon`, `Ciutat`, `Compte_Corrent`, `Num_Targeta`) VALUES
(10000000, 'Jordi', 'Robles Sánchez', 'Avda Tarraco, 35', 972773374, 'Tarragona', '1010-101-10-1000000000', 987654321),
(11111111, 'Pepe', 'Pinto Pando', 'C/ Pintat, 23', 938882882, 'Cerdanyola', '1111-111-11-1234567890', 222222222),
(22222222, 'José', 'Colorado Gris', 'C/ Colorin, 24', 938882883, 'Barcelona', '2222-222-22-2345678901', 333333333),
(33333333, 'Fernando', 'Vilariño Freire', 'C/ SQL, 84', 938882884, 'Cerdanyola', '3333-333-33-3456789012', 444444444),
(44444444, 'Enric', 'Martí Gòdia', 'C/ VARCHAR (50), 29', 938882885, 'Sabadell', '4444-444-44-4567890123', 555555555),
(55555555, 'José', 'López Lacruz', 'C/ Xirgu, 34', 938882886, 'Sant Cugat del Vallès', '5555-555-55-5678901234', 666666666),
(66666666, 'Luis', 'Marín Badia', 'Rambles, 87 3-1', 932083374, 'Barcelona', '6666-666-66-6789012345', 777777777),
(77777777, 'Emili', 'Ponce Ribes', 'Aragó, 359 4-2', 931093388, 'Barcelona', '7777-777-77-7890123456', 888888888),
(88888888, 'Rosa', 'Orellana Pérez', 'Merinals, 34 at-2', 937290032, 'Sabadell', '8888-888-88-8901234567', 999999999),
(99999999, 'Vicenç', 'Portolés Susqueda', 'Llull, 298 4-3', 932061199, 'Barcelona', '9999-999-99-9012345678', 123456789);

-- --------------------------------------------------------

--
-- Estructura de la taula `preus_espectacles`
--

CREATE TABLE IF NOT EXISTS `preus_espectacles` (
  `Codi_Espectacle` int(11) NOT NULL,
  `Codi_Recinte` int(11) NOT NULL,
  `Zona` varchar(20) NOT NULL,
  `Preu` int(11) DEFAULT NULL
) ENGINE=InnoDB DEFAULT CHARSET=utf8;

--
-- Bolcant dades de la taula `preus_espectacles`
--

INSERT INTO `preus_espectacles` (`Codi_Espectacle`, `Codi_Recinte`, `Zona`, `Preu`) VALUES
(1000, 103, 'Platea', 21),
(1001, 105, 'Platea', 14),
(1002, 104, 'Pis', 4),
(1002, 104, 'Platea', 6),
(1003, 110, 'Lateral D', 20),
(1003, 110, 'Lateral E', 20),
(1003, 110, 'Pis', 20),
(1003, 110, 'Platea', 24),
(1004, 110, 'Lateral D', 15),
(1004, 110, 'Lateral E', 15),
(1004, 110, 'Pis', 15),
(1004, 110, 'Platea', 18),
(1005, 111, 'Lateral D', 10),
(1005, 111, 'Lateral E', 10),
(1005, 111, 'Pis', 12),
(1005, 111, 'Platea', 15),
(1006, 104, 'Pis', 4),
(1006, 104, 'Platea', 6),
(1007, 106, 'Pis', 4),
(1007, 106, 'Platea', 6),
(1008, 104, 'Pis', 9),
(1008, 104, 'Platea', 12),
(1009, 105, 'Platea', 18),
(1010, 100, 'Lateral D', 18),
(1010, 100, 'Lateral E', 18),
(1010, 100, 'Pis 1', 18),
(1010, 100, 'Pis 2', 15),
(1010, 100, 'Platea', 21),
(1011, 100, 'Lateral D', 18),
(1011, 100, 'Lateral E', 18),
(1011, 100, 'Pis 1', 18),
(1011, 100, 'Pis 2', 15),
(1011, 100, 'Platea', 21),
(1012, 102, 'Lateral D', 14),
(1012, 102, 'Lateral E', 14),
(1012, 102, 'Pis 1', 12),
(1012, 102, 'Pis 2', 8),
(1012, 102, 'Platea', 15),
(1013, 108, 'Pis', 4),
(1013, 108, 'Platea', 6),
(1014, 108, 'Pis', 3),
(1014, 108, 'Platea', 3),
(1015, 101, 'Pis', 12),
(1015, 101, 'Platea', 18),
(1016, 108, 'Pis', 4),
(1016, 108, 'Platea', 6),
(1017, 109, 'Platea', 12),
(1018, 106, 'Pis', 10),
(1018, 106, 'Platea', 15),
(1019, 103, 'Platea', 15),
(1020, 105, 'Platea', 18),
(1021, 106, 'Pis', 12),
(1021, 106, 'Platea', 18),
(1022, 111, 'Lateral D', 15),
(1022, 111, 'Lateral E', 15),
(1022, 111, 'Pis', 12),
(1022, 111, 'Platea', 18),
(1023, 101, 'Pis', 10),
(1023, 101, 'Platea', 16),
(1024, 104, 'Pis', 9),
(1024, 104, 'Platea', 12);

-- --------------------------------------------------------

--
-- Estructura de la taula `recintes`
--

CREATE TABLE IF NOT EXISTS `recintes` (
  `Codi` int(11) NOT NULL,
  `Nom` varchar(50) DEFAULT NULL,
  `Adreça` varchar(50) DEFAULT NULL,
  `Ciutat` varchar(50) DEFAULT NULL,
  `Telefon` int(11) DEFAULT NULL,
  `Horari` varchar(50) DEFAULT NULL
) ENGINE=InnoDB DEFAULT CHARSET=utf8;

--
-- Bolcant dades de la taula `recintes`
--

INSERT INTO `recintes` (`Codi`, `Nom`, `Adreça`, `Ciutat`, `Telefon`, `Horari`) VALUES
(100, 'Liceu', 'Les Rambles', 'Barcelona', 935813434, '22:00'),
(101, 'Victòria', 'Rambla, 25', 'Barcelona', 932003294, '21:00'),
(102, 'Nacional', 'Glòries, 35', 'Barcelona', 932049937, '22:00'),
(103, 'Romea', 'P. Urquinaona, 12', 'Barcelona', 932003769, '22:00'),
(104, 'La Faràndula', 'Alfons XIII, 67', 'Sabadell', 937250012, '18:00'),
(105, 'Modern', 'Vinci, 54', 'Sant Cugat del Vallès', 937149932, '18:00'),
(106, 'Municipal', 'Riera, 35', 'Girona', 972883256, '22:00'),
(107, 'La Seu', 'Noguera, 35', 'Lleida', 973338298, '18:00'),
(108, 'Valira', 'Rambla, 12', 'La Seu d''Urgell', 973239941, '18:00'),
(109, 'Coliseu', 'Avda del Mar, 87', 'Tarragona', 974992310, '17:00'),
(110, 'Auditori', 'Glòries, 38', 'Barcelona', 932087745, '21:00'),
(111, 'Palau de la Música', 'Via Layetana, 232', 'Barcelona', 932034428, '21:30');

-- --------------------------------------------------------

--
-- Estructura de la taula `representacions`
--

CREATE TABLE IF NOT EXISTS `representacions` (
  `Codi_Espectacle` int(11) NOT NULL,
  `Data` varchar(50) NOT NULL,
  `Hora` varchar(50) NOT NULL
) ENGINE=InnoDB DEFAULT CHARSET=utf8;

--
-- Bolcant dades de la taula `representacions`
--

INSERT INTO `representacions` (`Codi_Espectacle`, `Data`, `Hora`) VALUES
(1000, '01/26/2012 12:00:00 AM', '12/30/1899 11:00:00 PM'),
(1000, '01/27/2012 12:00:00 AM', '12/30/1899 06:00:00 PM'),
(1000, '02/01/2012 12:00:00 AM', '12/30/1899 10:00:00 PM'),
(1000, '02/02/2012 12:00:00 AM', '12/30/1899 11:00:00 PM'),
(1000, '02/03/2012 12:00:00 AM', '12/30/1899 06:00:00 PM'),
(1000, '02/08/2012 12:00:00 AM', '12/30/1899 10:00:00 PM'),
(1000, '02/09/2012 12:00:00 AM', '12/30/1899 11:00:00 PM'),
(1000, '02/10/2012 12:00:00 AM', '12/30/1899 06:00:00 PM'),
(1000, '02/15/2012 12:00:00 AM', '12/30/1899 10:00:00 PM'),
(1000, '02/16/2012 12:00:00 AM', '12/30/1899 11:00:00 PM'),
(1000, '02/17/2012 12:00:00 AM', '12/30/1899 06:00:00 PM'),
(1000, '02/22/2012 12:00:00 AM', '12/30/1899 10:00:00 PM'),
(1000, '02/23/2012 12:00:00 AM', '12/30/1899 11:00:00 PM'),
(1000, '02/24/2012 12:00:00 AM', '12/30/1899 06:00:00 PM'),
(1000, '03/01/2012 12:00:00 AM', '12/30/1899 10:00:00 PM'),
(1000, '03/02/2012 12:00:00 AM', '12/30/1899 11:00:00 PM'),
(1000, '03/03/2012 12:00:00 AM', '12/30/1899 06:00:00 PM'),
(1000, '03/08/2012 12:00:00 AM', '12/30/1899 10:00:00 PM'),
(1000, '03/09/2012 12:00:00 AM', '12/30/1899 10:00:00 PM'),
(1000, '03/10/2012 12:00:00 AM', '12/30/1899 06:00:00 PM'),
(1000, '03/15/2012 12:00:00 AM', '12/30/1899 10:00:00 PM'),
(1000, '03/16/2012 12:00:00 AM', '12/30/1899 10:00:00 PM'),
(1000, '03/17/2012 12:00:00 AM', '12/30/1899 06:00:00 PM'),
(1000, '03/22/2012 12:00:00 AM', '12/30/1899 10:00:00 PM'),
(1000, '03/23/2012 12:00:00 AM', '12/30/1899 10:00:00 PM'),
(1000, '03/24/2012 12:00:00 AM', '12/30/1899 06:00:00 PM'),
(1001, '02/23/2012 12:00:00 AM', '12/30/1899 09:00:00 PM'),
(1001, '02/24/2012 12:00:00 AM', '12/30/1899 06:00:00 PM'),
(1001, '03/02/2012 12:00:00 AM', '12/30/1899 09:00:00 PM'),
(1001, '03/03/2012 12:00:00 AM', '12/30/1899 06:00:00 PM'),
(1002, '01/01/2012 12:00:00 AM', '12/30/1899 06:00:00 PM'),
(1002, '01/05/2012 12:00:00 AM', '12/30/1899 06:00:00 PM'),
(1002, '01/12/2012 12:00:00 AM', '12/30/1899 06:00:00 PM'),
(1002, '12/26/2011 12:00:00 AM', '12/30/1899 05:30:00 PM'),
(1002, '12/29/2011 12:00:00 AM', '12/30/1899 06:00:00 PM'),
(1003, '12/25/2011 12:00:00 AM', '12/30/1899 10:00:00 PM'),
(1004, '01/01/2012 12:00:00 AM', '12/30/1899 09:00:00 PM'),
(1004, '01/02/2012 12:00:00 AM', '12/30/1899 09:00:00 PM'),
(1004, '01/03/2012 12:00:00 AM', '12/30/1899 09:00:00 PM'),
(1004, '01/04/2012 12:00:00 AM', '12/30/1899 09:00:00 PM'),
(1004, '01/05/2012 12:00:00 AM', '12/30/1899 09:00:00 PM'),
(1004, '01/06/2012 12:00:00 AM', '12/30/1899 09:00:00 PM'),
(1004, '01/07/2012 12:00:00 AM', '12/30/1899 09:00:00 PM'),
(1004, '01/08/2012 12:00:00 AM', '12/30/1899 09:00:00 PM'),
(1005, '10/01/2011 12:00:00 AM', '12/30/1899 10:30:00 PM'),
(1005, '10/08/2011 12:00:00 AM', '12/30/1899 10:30:00 PM'),
(1005, '10/15/2011 12:00:00 AM', '12/30/1899 10:30:00 PM'),
(1006, '10/05/2011 12:00:00 AM', '12/30/1899 06:00:00 PM'),
(1006, '10/06/2011 12:00:00 AM', '12/30/1899 05:30:00 PM'),
(1006, '10/12/2011 12:00:00 AM', '12/30/1899 06:00:00 PM'),
(1006, '10/13/2011 12:00:00 AM', '12/30/1899 05:30:00 PM'),
(1006, '10/20/2011 12:00:00 AM', '12/30/1899 05:30:00 PM'),
(1007, '11/01/2011 12:00:00 AM', '12/30/1899 05:30:00 PM'),
(1007, '11/03/2011 12:00:00 AM', '12/30/1899 06:00:00 PM'),
(1007, '11/10/2011 12:00:00 AM', '12/30/1899 06:00:00 PM'),
(1007, '11/17/2011 12:00:00 AM', '12/30/1899 06:00:00 PM'),
(1008, '12/07/2011 12:00:00 AM', '12/30/1899 10:00:00 PM'),
(1009, '11/07/2011 12:00:00 AM', '12/30/1899 09:00:00 PM'),
(1009, '11/13/2011 12:00:00 AM', '12/30/1899 09:00:00 PM'),
(1009, '11/20/2011 12:00:00 AM', '12/30/1899 09:00:00 PM'),
(1009, '11/27/2011 12:00:00 AM', '12/30/1899 09:00:00 PM'),
(1010, '03/30/2012 12:00:00 AM', '12/30/1899 10:00:00 PM'),
(1010, '03/31/2012 12:00:00 AM', '12/30/1899 05:00:00 PM'),
(1010, '04/06/2012 12:00:00 AM', '12/30/1899 10:00:00 PM'),
(1010, '04/07/2012 12:00:00 AM', '12/30/1899 06:00:00 PM'),
(1011, '01/10/2012 12:00:00 AM', '12/30/1899 09:30:00 PM'),
(1011, '01/13/2012 12:00:00 AM', '12/30/1899 09:30:00 PM'),
(1011, '01/20/2012 12:00:00 AM', '12/30/1899 09:30:00 PM'),
(1011, '10/06/2011 12:00:00 AM', '12/30/1899 09:30:00 PM'),
(1011, '10/13/2011 12:00:00 AM', '12/30/1899 09:30:00 PM'),
(1011, '10/20/2011 12:00:00 AM', '12/30/1899 09:30:00 PM'),
(1011, '11/04/2011 12:00:00 AM', '12/30/1899 09:30:00 PM'),
(1011, '11/11/2011 12:00:00 AM', '12/30/1899 09:30:00 PM'),
(1011, '12/31/2011 12:00:00 AM', '12/30/1899 09:30:00 PM'),
(1012, '05/22/2012 12:00:00 AM', '12/30/1899 10:00:00 PM'),
(1012, '06/08/2012 12:00:00 AM', '12/30/1899 10:00:00 PM'),
(1012, '06/09/2012 12:00:00 AM', '12/30/1899 06:00:00 PM'),
(1012, '06/09/2012 12:00:00 AM', '12/30/1899 11:00:00 AM'),
(1012, '06/15/2012 12:00:00 AM', '12/30/1899 10:00:00 PM'),
(1012, '06/16/2012 12:00:00 AM', '12/30/1899 06:00:00 PM'),
(1012, '06/16/2012 12:00:00 AM', '12/30/1899 11:00:00 AM'),
(1012, '06/23/2012 12:00:00 AM', '12/30/1899 06:00:00 PM'),
(1012, '06/23/2012 12:00:00 AM', '12/30/1899 11:00:00 AM'),
(1012, '06/29/2012 12:00:00 AM', '12/30/1899 10:00:00 PM'),
(1012, '06/30/2012 12:00:00 AM', '12/30/1899 06:00:00 PM'),
(1012, '06/30/2012 12:00:00 AM', '12/30/1899 11:00:00 AM'),
(1013, '05/10/2012 12:00:00 AM', '12/30/1899 05:30:00 PM'),
(1013, '05/17/2012 12:00:00 AM', '12/30/1899 05:30:00 PM'),
(1014, '05/26/2012 12:00:00 AM', '12/30/1899 05:00:00 PM'),
(1014, '05/26/2012 12:00:00 AM', '12/30/1899 10:00:00 AM'),
(1015, '01/12/2012 12:00:00 AM', '12/30/1899 09:00:00 PM'),
(1015, '01/19/2012 12:00:00 AM', '12/30/1899 09:00:00 PM'),
(1015, '01/26/2012 12:00:00 AM', '12/30/1899 09:00:00 PM'),
(1015, '02/02/2012 12:00:00 AM', '12/30/1899 09:00:00 PM'),
(1015, '02/09/2012 12:00:00 AM', '12/30/1899 09:00:00 PM'),
(1015, '02/16/2012 12:00:00 AM', '12/30/1899 09:00:00 PM'),
(1015, '02/23/2012 12:00:00 AM', '12/30/1899 09:00:00 PM'),
(1015, '03/02/2012 12:00:00 AM', '12/30/1899 09:00:00 PM'),
(1015, '03/09/2012 12:00:00 AM', '12/30/1899 09:00:00 PM'),
(1015, '03/16/2012 12:00:00 AM', '12/30/1899 09:00:00 PM'),
(1015, '03/23/2012 12:00:00 AM', '12/30/1899 09:00:00 PM'),
(1016, '04/05/2012 12:00:00 AM', '12/30/1899 05:30:00 PM'),
(1017, '01/12/2012 12:00:00 AM', '12/30/1899 09:00:00 PM'),
(1017, '01/19/2012 12:00:00 AM', '12/30/1899 09:00:00 PM'),
(1017, '01/26/2012 12:00:00 AM', '12/30/1899 09:00:00 PM'),
(1018, '03/15/2012 12:00:00 AM', '12/30/1899 10:00:00 PM'),
(1018, '03/29/2012 12:00:00 AM', '12/30/1899 06:00:00 PM'),
(1018, '04/05/2012 12:00:00 AM', '12/30/1899 10:00:00 PM'),
(1018, '04/12/2012 12:00:00 AM', '12/30/1899 06:00:00 PM'),
(1019, '06/15/2012 12:00:00 AM', '12/30/1899 10:00:00 PM'),
(1019, '06/22/2012 12:00:00 AM', '12/30/1899 10:00:00 PM'),
(1020, '12/25/2011 12:00:00 AM', '12/30/1899 12:00:00 PM'),
(1020, '12/28/2011 12:00:00 AM', '12/30/1899 09:00:00 PM'),
(1020, '12/31/2011 12:00:00 AM', '12/30/1899 05:00:00 PM'),
(1021, '11/11/2011 12:00:00 AM', '12/30/1899 10:00:00 PM'),
(1021, '11/18/2011 12:00:00 AM', '12/30/1899 10:00:00 PM'),
(1022, '01/25/2012 12:00:00 AM', '12/30/1899 09:00:00 PM'),
(1022, '09/29/2011 12:00:00 AM', '12/30/1899 09:00:00 PM'),
(1022, '10/26/2011 12:00:00 AM', '12/30/1899 09:00:00 PM'),
(1022, '11/30/2011 12:00:00 AM', '12/30/1899 09:00:00 PM'),
(1022, '12/29/2011 12:00:00 AM', '12/30/1899 09:00:00 PM'),
(1023, '03/28/2012 12:00:00 AM', '12/30/1899 09:00:00 PM'),
(1024, '11/08/2011 12:00:00 AM', '12/30/1899 06:00:00 PM'),
(1024, '11/15/2011 12:00:00 AM', '12/30/1899 06:00:00 PM');

-- --------------------------------------------------------

--
-- Estructura de la taula `seients`
--

CREATE TABLE IF NOT EXISTS `seients` (
  `Codi_Recinte` int(11) NOT NULL,
  `Zona` varchar(20) NOT NULL,
  `Fila` int(11) NOT NULL,
  `Numero` int(11) NOT NULL
) ENGINE=InnoDB DEFAULT CHARSET=utf8;

--
-- Bolcant dades de la taula `seients`
--

INSERT INTO `seients` (`Codi_Recinte`, `Zona`, `Fila`, `Numero`) VALUES
(100, 'Lateral D', 1, 1),
(100, 'Lateral D', 1, 2),
(100, 'Lateral D', 1, 3),
(100, 'Lateral D', 1, 4),
(100, 'Lateral E', 1, 1),
(100, 'Lateral E', 1, 2),
(100, 'Lateral E', 1, 3),
(100, 'Lateral E', 1, 4),
(100, 'Pis 1', 1, 1),
(100, 'Pis 1', 1, 2),
(100, 'Pis 1', 1, 3),
(100, 'Pis 1', 1, 4),
(100, 'Pis 1', 1, 5),
(100, 'Pis 1', 1, 6),
(100, 'Pis 1', 1, 7),
(100, 'Pis 1', 1, 8),
(100, 'Pis 1', 1, 9),
(100, 'Pis 1', 1, 10),
(100, 'Pis 2', 1, 1),
(100, 'Pis 2', 1, 2),
(100, 'Pis 2', 1, 3),
(100, 'Pis 2', 1, 4),
(100, 'Pis 2', 1, 5),
(100, 'Platea', 1, 1),
(100, 'Platea', 1, 2),
(100, 'Platea', 1, 3),
(100, 'Platea', 1, 4),
(100, 'Platea', 1, 5),
(100, 'Platea', 1, 6),
(100, 'Platea', 1, 7),
(100, 'Platea', 1, 8),
(100, 'Platea', 1, 9),
(100, 'Platea', 1, 10),
(100, 'Platea', 2, 1),
(100, 'Platea', 2, 2),
(100, 'Platea', 2, 3),
(100, 'Platea', 2, 4),
(100, 'Platea', 2, 5),
(100, 'Platea', 2, 6),
(100, 'Platea', 2, 7),
(100, 'Platea', 2, 8),
(100, 'Platea', 2, 9),
(100, 'Platea', 2, 10),
(100, 'Platea', 3, 1),
(100, 'Platea', 3, 2),
(100, 'Platea', 3, 3),
(100, 'Platea', 3, 4),
(100, 'Platea', 3, 5),
(100, 'Platea', 3, 6),
(100, 'Platea', 3, 7),
(100, 'Platea', 3, 8),
(100, 'Platea', 3, 9),
(100, 'Platea', 3, 10),
(100, 'Platea', 4, 1),
(100, 'Platea', 4, 2),
(100, 'Platea', 4, 3),
(100, 'Platea', 4, 4),
(100, 'Platea', 4, 5),
(100, 'Platea', 4, 6),
(100, 'Platea', 4, 7),
(100, 'Platea', 4, 8),
(100, 'Platea', 4, 9),
(100, 'Platea', 4, 10),
(101, 'Pis', 1, 1),
(101, 'Pis', 1, 2),
(101, 'Pis', 1, 3),
(101, 'Pis', 1, 4),
(101, 'Pis', 1, 5),
(101, 'Pis', 1, 6),
(101, 'Pis', 1, 7),
(101, 'Pis', 1, 8),
(101, 'Pis', 1, 9),
(101, 'Pis', 1, 10),
(101, 'Platea', 1, 1),
(101, 'Platea', 1, 2),
(101, 'Platea', 1, 3),
(101, 'Platea', 1, 4),
(101, 'Platea', 1, 5),
(101, 'Platea', 1, 6),
(101, 'Platea', 1, 7),
(101, 'Platea', 1, 8),
(101, 'Platea', 1, 9),
(101, 'Platea', 1, 10),
(101, 'Platea', 2, 1),
(101, 'Platea', 2, 2),
(101, 'Platea', 2, 3),
(101, 'Platea', 2, 4),
(101, 'Platea', 2, 5),
(101, 'Platea', 2, 6),
(101, 'Platea', 2, 7),
(101, 'Platea', 2, 8),
(101, 'Platea', 2, 9),
(101, 'Platea', 2, 10),
(101, 'Platea', 3, 1),
(101, 'Platea', 3, 2),
(101, 'Platea', 3, 3),
(101, 'Platea', 3, 4),
(101, 'Platea', 3, 5),
(102, 'Lateral D', 1, 1),
(102, 'Lateral D', 1, 2),
(102, 'Lateral D', 1, 3),
(102, 'Lateral D', 1, 4),
(102, 'Lateral D', 1, 5),
(102, 'Lateral E', 1, 1),
(102, 'Lateral E', 1, 2),
(102, 'Lateral E', 1, 3),
(102, 'Lateral E', 1, 4),
(102, 'Lateral E', 1, 5),
(102, 'Pis 1', 1, 1),
(102, 'Pis 1', 1, 2),
(102, 'Pis 1', 1, 3),
(102, 'Pis 1', 1, 4),
(102, 'Pis 1', 1, 5),
(102, 'Pis 1', 1, 6),
(102, 'Pis 1', 1, 7),
(102, 'Pis 1', 1, 8),
(102, 'Pis 1', 1, 9),
(102, 'Pis 1', 1, 10),
(102, 'Pis 2', 1, 1),
(102, 'Pis 2', 1, 2),
(102, 'Pis 2', 1, 3),
(102, 'Pis 2', 1, 4),
(102, 'Pis 2', 1, 5),
(102, 'Pis 2', 1, 6),
(102, 'Pis 2', 1, 7),
(102, 'Pis 2', 1, 8),
(102, 'Pis 2', 1, 9),
(102, 'Pis 2', 1, 10),
(102, 'Platea', 1, 1),
(102, 'Platea', 1, 2),
(102, 'Platea', 1, 3),
(102, 'Platea', 1, 4),
(102, 'Platea', 1, 5),
(102, 'Platea', 1, 6),
(102, 'Platea', 1, 7),
(102, 'Platea', 1, 8),
(102, 'Platea', 1, 9),
(102, 'Platea', 1, 10),
(102, 'Platea', 2, 1),
(102, 'Platea', 2, 2),
(102, 'Platea', 2, 3),
(102, 'Platea', 2, 4),
(102, 'Platea', 2, 5),
(102, 'Platea', 2, 6),
(102, 'Platea', 2, 7),
(102, 'Platea', 2, 8),
(102, 'Platea', 2, 9),
(102, 'Platea', 2, 10),
(102, 'Platea', 3, 1),
(102, 'Platea', 3, 2),
(102, 'Platea', 3, 3),
(102, 'Platea', 3, 4),
(102, 'Platea', 3, 5),
(102, 'Platea', 3, 6),
(102, 'Platea', 3, 7),
(102, 'Platea', 3, 8),
(102, 'Platea', 3, 9),
(102, 'Platea', 3, 10),
(102, 'Platea', 4, 1),
(102, 'Platea', 4, 2),
(102, 'Platea', 4, 3),
(102, 'Platea', 4, 4),
(102, 'Platea', 4, 5),
(102, 'Platea', 4, 6),
(102, 'Platea', 4, 7),
(102, 'Platea', 4, 8),
(102, 'Platea', 4, 9),
(102, 'Platea', 4, 10),
(102, 'Platea', 5, 1),
(102, 'Platea', 5, 2),
(102, 'Platea', 5, 3),
(102, 'Platea', 5, 4),
(102, 'Platea', 5, 5),
(102, 'Platea', 5, 6),
(102, 'Platea', 5, 7),
(102, 'Platea', 5, 8),
(102, 'Platea', 5, 9),
(102, 'Platea', 5, 10),
(103, 'Platea', 1, 1),
(103, 'Platea', 1, 2),
(103, 'Platea', 1, 3),
(103, 'Platea', 1, 4),
(103, 'Platea', 1, 5),
(103, 'Platea', 1, 6),
(103, 'Platea', 1, 7),
(103, 'Platea', 1, 8),
(103, 'Platea', 1, 9),
(103, 'Platea', 1, 10),
(103, 'Platea', 2, 1),
(103, 'Platea', 2, 2),
(103, 'Platea', 2, 3),
(103, 'Platea', 2, 4),
(103, 'Platea', 2, 5),
(103, 'Platea', 2, 6),
(103, 'Platea', 2, 7),
(103, 'Platea', 2, 8),
(103, 'Platea', 2, 9),
(103, 'Platea', 2, 10),
(104, 'Pis', 1, 1),
(104, 'Pis', 1, 2),
(104, 'Pis', 1, 3),
(104, 'Pis', 1, 4),
(104, 'Pis', 1, 5),
(104, 'Pis', 1, 6),
(104, 'Pis', 1, 7),
(104, 'Pis', 1, 8),
(104, 'Pis', 1, 9),
(104, 'Pis', 1, 10),
(104, 'Platea', 1, 1),
(104, 'Platea', 1, 2),
(104, 'Platea', 1, 3),
(104, 'Platea', 1, 4),
(104, 'Platea', 1, 5),
(104, 'Platea', 1, 6),
(104, 'Platea', 1, 7),
(104, 'Platea', 1, 8),
(104, 'Platea', 1, 9),
(104, 'Platea', 1, 10),
(104, 'Platea', 2, 1),
(104, 'Platea', 2, 2),
(104, 'Platea', 2, 3),
(104, 'Platea', 2, 4),
(104, 'Platea', 2, 5),
(104, 'Platea', 2, 6),
(104, 'Platea', 2, 7),
(104, 'Platea', 2, 8),
(104, 'Platea', 2, 9),
(104, 'Platea', 2, 10),
(104, 'Platea', 3, 1),
(104, 'Platea', 3, 2),
(104, 'Platea', 3, 3),
(104, 'Platea', 3, 4),
(104, 'Platea', 3, 5),
(104, 'Platea', 3, 6),
(104, 'Platea', 3, 7),
(104, 'Platea', 3, 8),
(104, 'Platea', 3, 9),
(104, 'Platea', 3, 10),
(105, 'Platea', 1, 1),
(105, 'Platea', 1, 2),
(105, 'Platea', 1, 3),
(105, 'Platea', 1, 4),
(105, 'Platea', 1, 5),
(105, 'Platea', 1, 6),
(105, 'Platea', 1, 7),
(105, 'Platea', 1, 8),
(105, 'Platea', 1, 9),
(105, 'Platea', 1, 10),
(105, 'Platea', 2, 1),
(105, 'Platea', 2, 2),
(105, 'Platea', 2, 3),
(105, 'Platea', 2, 4),
(105, 'Platea', 2, 5),
(105, 'Platea', 2, 6),
(105, 'Platea', 2, 7),
(105, 'Platea', 2, 8),
(105, 'Platea', 2, 9),
(105, 'Platea', 2, 10),
(106, 'Pis', 1, 1),
(106, 'Pis', 1, 2),
(106, 'Pis', 1, 3),
(106, 'Pis', 1, 4),
(106, 'Pis', 1, 5),
(106, 'Pis', 1, 6),
(106, 'Pis', 1, 7),
(106, 'Platea', 1, 1),
(106, 'Platea', 1, 2),
(106, 'Platea', 1, 3),
(106, 'Platea', 1, 4),
(106, 'Platea', 1, 5),
(106, 'Platea', 1, 6),
(106, 'Platea', 1, 7),
(106, 'Platea', 1, 8),
(106, 'Platea', 1, 9),
(106, 'Platea', 1, 10),
(106, 'Platea', 2, 1),
(106, 'Platea', 2, 2),
(106, 'Platea', 2, 3),
(106, 'Platea', 2, 4),
(106, 'Platea', 2, 5),
(106, 'Platea', 2, 6),
(106, 'Platea', 2, 7),
(106, 'Platea', 2, 8),
(106, 'Platea', 2, 9),
(106, 'Platea', 2, 10),
(107, 'Pis', 1, 1),
(107, 'Pis', 1, 2),
(107, 'Pis', 1, 3),
(107, 'Pis', 1, 4),
(107, 'Pis', 1, 5),
(107, 'Pis', 1, 6),
(107, 'Pis', 1, 7),
(107, 'Pis', 1, 8),
(107, 'Platea', 1, 1),
(107, 'Platea', 1, 2),
(107, 'Platea', 1, 3),
(107, 'Platea', 1, 4),
(107, 'Platea', 1, 5),
(107, 'Platea', 1, 6),
(107, 'Platea', 1, 7),
(107, 'Platea', 1, 8),
(107, 'Platea', 1, 9),
(107, 'Platea', 1, 10),
(107, 'Platea', 2, 1),
(107, 'Platea', 2, 2),
(107, 'Platea', 2, 3),
(107, 'Platea', 2, 4),
(107, 'Platea', 2, 5),
(107, 'Platea', 2, 6),
(107, 'Platea', 2, 7),
(107, 'Platea', 2, 8),
(107, 'Platea', 2, 9),
(107, 'Platea', 2, 10),
(108, 'Pis', 1, 1),
(108, 'Pis', 1, 2),
(108, 'Pis', 1, 3),
(108, 'Pis', 1, 4),
(108, 'Pis', 1, 5),
(108, 'Platea', 1, 1),
(108, 'Platea', 1, 2),
(108, 'Platea', 1, 3),
(108, 'Platea', 1, 4),
(108, 'Platea', 1, 5),
(108, 'Platea', 1, 6),
(108, 'Platea', 1, 7),
(108, 'Platea', 1, 8),
(108, 'Platea', 1, 9),
(108, 'Platea', 1, 10),
(108, 'Platea', 2, 1),
(108, 'Platea', 2, 2),
(108, 'Platea', 2, 3),
(108, 'Platea', 2, 4),
(108, 'Platea', 2, 5),
(108, 'Platea', 2, 6),
(108, 'Platea', 2, 7),
(108, 'Platea', 2, 8),
(108, 'Platea', 2, 9),
(108, 'Platea', 2, 10),
(109, 'Platea', 1, 1),
(109, 'Platea', 1, 2),
(109, 'Platea', 1, 3),
(109, 'Platea', 1, 4),
(109, 'Platea', 1, 5),
(109, 'Platea', 1, 6),
(109, 'Platea', 1, 7),
(109, 'Platea', 1, 8),
(109, 'Platea', 1, 9),
(109, 'Platea', 1, 10),
(109, 'Platea', 2, 1),
(109, 'Platea', 2, 2),
(109, 'Platea', 2, 3),
(109, 'Platea', 2, 4),
(109, 'Platea', 2, 5),
(110, 'Lateral D', 1, 1),
(110, 'Lateral D', 1, 2),
(110, 'Lateral D', 1, 3),
(110, 'Lateral D', 1, 4),
(110, 'Lateral D', 1, 5),
(110, 'Lateral D', 1, 6),
(110, 'Lateral D', 1, 7),
(110, 'Lateral D', 1, 8),
(110, 'Lateral E', 1, 1),
(110, 'Lateral E', 1, 2),
(110, 'Lateral E', 1, 3),
(110, 'Lateral E', 1, 4),
(110, 'Lateral E', 1, 5),
(110, 'Lateral E', 1, 6),
(110, 'Lateral E', 1, 7),
(110, 'Lateral E', 1, 8),
(110, 'Pis', 1, 1),
(110, 'Pis', 1, 2),
(110, 'Pis', 1, 3),
(110, 'Pis', 1, 4),
(110, 'Pis', 1, 5),
(110, 'Pis', 1, 6),
(110, 'Pis', 1, 7),
(110, 'Pis', 1, 8),
(110, 'Pis', 1, 9),
(110, 'Pis', 1, 10),
(110, 'Platea', 1, 1),
(110, 'Platea', 1, 2),
(110, 'Platea', 1, 3),
(110, 'Platea', 1, 4),
(110, 'Platea', 1, 5),
(110, 'Platea', 1, 6),
(110, 'Platea', 1, 7),
(110, 'Platea', 1, 8),
(110, 'Platea', 1, 9),
(110, 'Platea', 1, 10),
(110, 'Platea', 2, 1),
(110, 'Platea', 2, 2),
(110, 'Platea', 2, 3),
(110, 'Platea', 2, 4),
(110, 'Platea', 2, 5),
(110, 'Platea', 2, 6),
(110, 'Platea', 2, 7),
(110, 'Platea', 2, 8),
(110, 'Platea', 2, 9),
(110, 'Platea', 2, 10),
(110, 'Platea', 3, 1),
(110, 'Platea', 3, 2),
(110, 'Platea', 3, 3),
(110, 'Platea', 3, 4),
(110, 'Platea', 3, 5),
(110, 'Platea', 3, 6),
(110, 'Platea', 3, 7),
(110, 'Platea', 3, 8),
(110, 'Platea', 3, 9),
(110, 'Platea', 3, 10),
(111, 'Lateral D', 1, 1),
(111, 'Lateral D', 1, 2),
(111, 'Lateral D', 1, 3),
(111, 'Lateral D', 1, 4),
(111, 'Lateral D', 1, 5),
(111, 'Lateral E', 1, 1),
(111, 'Lateral E', 1, 2),
(111, 'Lateral E', 1, 3),
(111, 'Lateral E', 1, 4),
(111, 'Lateral E', 1, 5),
(111, 'Pis', 1, 1),
(111, 'Pis', 1, 2),
(111, 'Pis', 1, 3),
(111, 'Pis', 1, 4),
(111, 'Pis', 1, 5),
(111, 'Pis', 1, 6),
(111, 'Pis', 1, 7),
(111, 'Pis', 1, 8),
(111, 'Platea', 1, 1),
(111, 'Platea', 1, 2),
(111, 'Platea', 1, 3),
(111, 'Platea', 1, 4),
(111, 'Platea', 1, 5),
(111, 'Platea', 1, 6),
(111, 'Platea', 1, 7),
(111, 'Platea', 1, 8),
(111, 'Platea', 1, 9),
(111, 'Platea', 1, 10),
(111, 'Platea', 2, 1),
(111, 'Platea', 2, 2),
(111, 'Platea', 2, 3),
(111, 'Platea', 2, 4),
(111, 'Platea', 2, 5),
(111, 'Platea', 2, 6),
(111, 'Platea', 2, 7),
(111, 'Platea', 2, 8),
(111, 'Platea', 2, 9),
(111, 'Platea', 2, 10),
(111, 'Platea', 3, 1),
(111, 'Platea', 3, 2),
(111, 'Platea', 3, 3),
(111, 'Platea', 3, 4),
(111, 'Platea', 3, 5);

-- --------------------------------------------------------

--
-- Estructura de la taula `zones_recinte`
--

CREATE TABLE IF NOT EXISTS `zones_recinte` (
  `Codi_Recinte` int(11) NOT NULL,
  `Zona` varchar(20) NOT NULL,
  `Capacitat` int(11) DEFAULT NULL
) ENGINE=InnoDB DEFAULT CHARSET=utf8;

--
-- Bolcant dades de la taula `zones_recinte`
--

INSERT INTO `zones_recinte` (`Codi_Recinte`, `Zona`, `Capacitat`) VALUES
(100, 'Lateral D', 4),
(100, 'Lateral E', 4),
(100, 'Pis 1', 10),
(100, 'Pis 2', 5),
(100, 'Platea', 40),
(101, 'Pis', 10),
(101, 'Platea', 25),
(102, 'Lateral D', 5),
(102, 'Lateral E', 5),
(102, 'Pis 1', 20),
(102, 'Pis 2', 10),
(102, 'Platea', 50),
(103, 'Platea', 20),
(104, 'Pis', 10),
(104, 'Platea', 30),
(105, 'Platea', 20),
(106, 'Pis', 7),
(106, 'Platea', 20),
(107, 'Pis', 8),
(107, 'Platea', 20),
(108, 'Pis', 5),
(108, 'Platea', 20),
(109, 'Platea', 15),
(110, 'Lateral D', 8),
(110, 'Lateral E', 8),
(110, 'Pis', 10),
(110, 'Platea', 30),
(111, 'Lateral D', 5),
(111, 'Lateral E', 5),
(111, 'Pis', 8),
(111, 'Platea', 25);

--
-- Indexes for dumped tables
--

--
-- Indexes for table `entrades`
--
ALTER TABLE `entrades`
 ADD PRIMARY KEY (`Codi_Espectacle`,`Codi_Recinte`,`Data`,`Fila`,`Hora`,`Numero`,`Zona`), ADD KEY `ENTRADES_FK1` (`Codi_Espectacle`,`Data`,`Hora`), ADD KEY `ENTRADES_FK2` (`Codi_Recinte`,`Fila`,`Numero`,`Zona`), ADD KEY `ENTRADES_FK3` (`DNI_Client`);

--
-- Indexes for table `espectacles`
--
ALTER TABLE `espectacles`
 ADD PRIMARY KEY (`Codi`), ADD KEY `ESPECTACLES_FK1` (`Codi_Recinte`);

--
-- Indexes for table `espectadors`
--
ALTER TABLE `espectadors`
 ADD PRIMARY KEY (`DNI`);

--
-- Indexes for table `preus_espectacles`
--
ALTER TABLE `preus_espectacles`
 ADD PRIMARY KEY (`Codi_Espectacle`,`Codi_Recinte`,`Zona`), ADD KEY `PREUS_ESPECTACLES_FK2` (`Codi_Recinte`,`Zona`);

--
-- Indexes for table `recintes`
--
ALTER TABLE `recintes`
 ADD PRIMARY KEY (`Codi`);

--
-- Indexes for table `representacions`
--
ALTER TABLE `representacions`
 ADD PRIMARY KEY (`Codi_Espectacle`,`Data`,`Hora`);

--
-- Indexes for table `seients`
--
ALTER TABLE `seients`
 ADD PRIMARY KEY (`Codi_Recinte`,`Fila`,`Numero`,`Zona`), ADD KEY `SEIENTS_FK1` (`Codi_Recinte`,`Zona`);

--
-- Indexes for table `zones_recinte`
--
ALTER TABLE `zones_recinte`
 ADD PRIMARY KEY (`Codi_Recinte`,`Zona`);

--
-- Restriccions per taules bolcades
--

--
-- Restriccions per la taula `entrades`
--
ALTER TABLE `entrades`
ADD CONSTRAINT `ENTRADES_FK1` FOREIGN KEY (`Codi_Espectacle`, `Data`, `Hora`) REFERENCES `representacions` (`Codi_Espectacle`, `Data`, `Hora`),
ADD CONSTRAINT `ENTRADES_FK2` FOREIGN KEY (`Codi_Recinte`, `Fila`, `Numero`, `Zona`) REFERENCES `seients` (`Codi_Recinte`, `Fila`, `Numero`, `Zona`),
ADD CONSTRAINT `ENTRADES_FK3` FOREIGN KEY (`DNI_Client`) REFERENCES `espectadors` (`DNI`);

--
-- Restriccions per la taula `espectacles`
--
ALTER TABLE `espectacles`
ADD CONSTRAINT `ESPECTACLES_FK1` FOREIGN KEY (`Codi_Recinte`) REFERENCES `recintes` (`Codi`);

--
-- Restriccions per la taula `preus_espectacles`
--
ALTER TABLE `preus_espectacles`
ADD CONSTRAINT `PREUS_ESPECTACLES_FK1` FOREIGN KEY (`Codi_Espectacle`) REFERENCES `espectacles` (`Codi`),
ADD CONSTRAINT `PREUS_ESPECTACLES_FK2` FOREIGN KEY (`Codi_Recinte`, `Zona`) REFERENCES `zones_recinte` (`Codi_Recinte`, `Zona`);

--
-- Restriccions per la taula `seients`
--
ALTER TABLE `seients`
ADD CONSTRAINT `SEIENTS_FK1` FOREIGN KEY (`Codi_Recinte`, `Zona`) REFERENCES `zones_recinte` (`Codi_Recinte`, `Zona`);

--
-- Restriccions per la taula `zones_recinte`
--
ALTER TABLE `zones_recinte`
ADD CONSTRAINT `ZONES_RECINTE_FK1` FOREIGN KEY (`Codi_Recinte`) REFERENCES `recintes` (`Codi`);

/*!40101 SET CHARACTER_SET_CLIENT=@OLD_CHARACTER_SET_CLIENT */;
/*!40101 SET CHARACTER_SET_RESULTS=@OLD_CHARACTER_SET_RESULTS */;
/*!40101 SET COLLATION_CONNECTION=@OLD_COLLATION_CONNECTION */;
